ACT composite score,SAT total score,parental level of education,parental income,high school gpa,college gpa,years to graduate,zeros,zeros+1
22,1625,high school,40999.0,3.0,3.1,7,0,14
29,2090,associate's degree,75817.0,4.0,3.4,5,0,10
30,2188,bachelor's degree,82888.0,4.0,3.9,3,0,6
33,2151,associate's degree,93518.0,4.0,3.7,5,0,10
29,2050,associate's degree,79153.0,4.0,3.4,6,0,12
28,1976,master's degree,100048.0,3.8,3.5,4,0,8
29,2097,some college,46883.0,4.0,3.4,6,0,12
30,1976,some college,67379.0,3.7,3.4,5,0,10
27,2072,bachelor's degree,102424.0,3.9,3.9,4,0,8
32,2246,bachelor's degree,56793.0,4.0,3.6,3,0,6
28,1956,associate's degree,66110.0,3.6,3.4,5,0,10
28,2006,some high school,56590.0,3.7,3.1,5,0,10
25,1868,bachelor's degree,87574.0,3.4,3.1,5,0,10
27,1955,some college,75111.0,3.4,3.3,6,0,12
27,1873,bachelor's degree,93342.0,3.5,3.7,3,0,6
31,2029,high school,47947.0,4.0,3.7,4,0,8
25,1779,associate's degree,77493.0,3.3,3.3,7,0,14
31,2110,some college,65866.0,4.0,3.5,4,0,8
27,1996,high school,45824.0,3.6,3.1,6,0,12
31,2156,bachelor's degree,74254.0,4.0,3.4,6,0,12
33,2234,high school,71657.0,4.0,3.9,3,0,6
24,1824,associate's degree,72319.0,3.3,3.2,6,0,12
26,1810,some college,81527.0,3.4,3.2,5,0,10
26,1914,some college,64410.0,3.6,3.5,3,0,6
25,1866,some college,63514.0,3.3,3.4,7,0,14
28,1928,high school,54938.0,3.6,3.3,4,0,8
25,1842,high school,72810.0,3.3,3.3,4,0,8
26,1846,associate's degree,77274.0,3.5,3.3,4,0,8
24,1800,some high school,62857.0,3.3,3.2,4,0,8
28,1952,bachelor's degree,59674.0,3.7,3.1,4,0,8
30,2080,master's degree,96140.0,4.0,3.9,4,0,8
26,1784,some college,68573.0,3.2,3.3,4,0,8
29,1913,some college,75011.0,3.6,3.3,4,0,8
31,2101,master's degree,75001.0,4.0,3.6,4,0,8
31,2028,high school,55451.0,3.9,3.2,5,0,10
24,1707,some college,65352.0,3.2,2.9,5,0,10
27,1951,associate's degree,51677.0,3.8,3.2,4,0,8
28,2042,some college,79886.0,3.9,3.3,4,0,8
28,1898,high school,54004.0,3.5,3.3,4,0,8
32,2109,some college,67094.0,4.0,3.4,4,0,8
29,2031,master's degree,106538.0,3.7,3.3,6,0,12
27,1935,some college,62701.0,3.7,3.4,4,0,8
24,1849,some high school,57021.0,3.3,3.2,5,0,10
24,1828,associate's degree,70581.0,3.3,3.1,6,0,12
32,2121,some college,50679.0,4.0,3.1,5,0,10
28,1956,associate's degree,63320.0,3.6,3.0,5,0,10
29,2068,master's degree,69164.0,4.0,3.6,4,0,8
25,1801,some college,57119.0,3.3,3.5,5,0,10
24,1760,some college,78288.0,3.2,3.4,3,0,6
32,2275,master's degree,104758.0,4.0,4.0,3,0,6
30,2129,bachelor's degree,100085.0,4.0,3.4,4,0,8
27,1855,associate's degree,99168.0,3.3,3.1,5,0,10
26,1966,some college,89016.0,3.6,3.4,7,0,14
28,2080,bachelor's degree,70882.0,3.9,3.3,4,0,8
31,2123,some college,79271.0,4.0,3.8,5,0,10
31,2229,bachelor's degree,78379.0,4.0,3.5,6,0,12
22,1717,high school,30058.0,3.0,2.9,9,0,18
26,1868,some high school,61856.0,3.6,3.2,4,0,8
32,2208,bachelor's degree,98261.0,4.0,3.9,3,0,6
31,2054,some college,80375.0,3.9,3.2,5,0,10
27,1807,some high school,59362.0,3.2,3.1,4,0,8
27,1991,some college,68616.0,3.7,3.7,3,0,6
29,1874,some high school,32290.0,3.7,3.2,6,0,12
33,2194,associate's degree,75808.0,4.0,3.2,5,0,10
29,1947,some college,81062.0,3.7,3.3,8,0,16
23,1641,some high school,46539.0,2.9,3.1,5,0,10
25,1835,some high school,71287.0,3.5,3.1,9,0,18
24,1878,high school,32558.0,3.2,3.1,7,0,14
31,2096,associate's degree,85614.0,4.0,3.6,5,0,10
26,1905,some college,77822.0,3.6,3.4,6,0,12
29,2049,some college,54889.0,3.8,3.5,5,0,10
28,2085,associate's degree,56238.0,3.9,3.3,5,0,10
30,2069,associate's degree,57088.0,3.9,3.5,6,0,12
29,1974,some high school,45734.0,3.7,3.1,6,0,12
27,1697,high school,61105.0,3.2,3.4,4,0,8
30,2003,high school,37407.0,3.9,3.2,5,0,10
32,2154,bachelor's degree,97216.0,4.0,3.5,4,0,8
31,2303,bachelor's degree,71074.0,4.0,3.7,3,0,6
29,2018,high school,65630.0,3.8,3.3,7,0,14
28,1942,high school,73605.0,3.5,3.4,4,0,8
35,2294,bachelor's degree,82854.0,4.0,3.5,5,0,10
28,1981,some college,55058.0,3.8,3.5,3,0,6
26,1823,some high school,50215.0,3.2,3.1,4,0,8
34,2309,associate's degree,82318.0,4.0,3.7,5,0,10
29,1878,some college,59498.0,3.6,3.5,3,0,6
31,2003,high school,57031.0,3.9,3.2,5,0,10
25,1839,high school,40535.0,3.3,3.3,5,0,10
27,1965,some high school,64972.0,3.6,3.3,5,0,10
31,2111,some high school,42677.0,4.0,3.4,6,0,12
29,1960,high school,41021.0,3.7,3.5,5,0,10
26,1775,some college,57070.0,3.4,3.4,3,0,6
26,2027,associate's degree,75587.0,3.8,3.5,4,0,8
29,2213,master's degree,62673.0,4.0,3.3,4,0,8
28,1920,associate's degree,91846.0,3.6,3.0,5,0,10
29,2069,some college,98439.0,3.8,3.8,3,0,6
30,2014,high school,67978.0,3.8,3.6,6,0,12
25,1776,high school,69155.0,3.1,2.8,5,0,10
24,1822,associate's degree,51659.0,3.5,3.0,9,0,18
29,2014,master's degree,64132.0,3.9,3.3,4,0,8
29,2000,some college,81137.0,3.7,3.4,4,0,8
28,1957,some high school,56604.0,3.6,3.3,6,0,12
29,2142,master's degree,54409.0,3.9,3.6,3,0,6
27,2024,bachelor's degree,82740.0,3.7,3.3,4,0,8
34,2330,bachelor's degree,80162.0,4.0,3.6,6,0,12
28,1964,some college,66886.0,3.8,3.4,4,0,8
29,1973,associate's degree,63686.0,3.7,3.5,4,0,8
31,2145,master's degree,76637.0,4.0,3.2,6,0,12
28,2047,bachelor's degree,111565.0,3.9,3.7,6,0,12
32,2138,high school,51710.0,4.0,3.4,4,0,8
29,1984,some high school,70655.0,3.8,3.5,4,0,8
34,2330,some college,69850.0,4.0,3.6,6,0,12
31,2062,associate's degree,60588.0,4.0,3.3,4,0,8
28,2026,master's degree,80678.0,3.9,3.3,7,0,14
29,2081,bachelor's degree,69070.0,4.0,3.3,4,0,8
24,1794,some college,63960.0,3.4,3.5,3,0,6
30,2108,master's degree,101757.0,4.0,3.4,5,0,10
27,1856,high school,58081.0,3.4,3.3,6,0,12
27,1802,some high school,52986.0,3.4,3.5,7,0,14
28,2014,bachelor's degree,70446.0,3.8,3.2,5,0,10
28,2079,master's degree,96811.0,4.0,3.3,7,0,14
30,1997,some high school,65028.0,3.8,3.5,6,0,12
23,1710,some college,74896.0,3.1,3.4,6,0,12
31,2067,associate's degree,85063.0,4.0,3.8,3,0,6
32,2050,some high school,30030.0,3.9,3.1,6,0,12
30,2099,associate's degree,70238.0,4.0,3.6,7,0,14
25,1746,high school,62617.0,3.2,3.4,4,0,8
28,1961,associate's degree,92044.0,3.7,3.2,7,0,14
31,2086,some college,79089.0,3.9,3.7,5,0,10
34,2327,master's degree,85855.0,4.0,3.5,4,0,8
32,2083,associate's degree,53867.0,4.0,3.2,6,0,12
33,2354,associate's degree,67698.0,4.0,3.7,4,0,8
31,2007,some college,76363.0,4.0,3.4,7,0,14
32,2098,some high school,58011.0,3.9,3.3,4,0,8
28,2067,associate's degree,90774.0,3.8,3.7,3,0,6
22,1662,some high school,51744.0,2.9,2.7,5,0,10
23,1664,high school,79157.0,2.9,3.6,3,0,6
28,2038,associate's degree,71289.0,3.7,3.7,5,0,10
31,2111,some high school,63644.0,4.0,3.3,4,0,8
31,2000,high school,40613.0,3.9,3.2,6,0,12
32,2183,some college,64874.0,4.0,3.4,6,0,12
30,2077,high school,46431.0,3.9,3.1,6,0,12
29,2060,high school,63017.0,3.9,3.6,5,0,10
28,2064,bachelor's degree,85687.0,3.9,3.8,5,0,10
30,1988,bachelor's degree,100312.0,3.9,3.5,4,0,8
27,1878,some college,53253.0,3.6,3.1,8,0,16
28,1843,some high school,50083.0,3.5,3.1,6,0,12
28,1901,high school,68974.0,3.4,3.4,8,0,16
26,1940,some college,80435.0,3.5,3.0,8,0,16
29,2011,associate's degree,61318.0,3.8,3.0,7,0,14
28,1928,some high school,65130.0,3.5,3.6,3,0,6
33,2207,some college,63092.0,4.0,3.4,4,0,8
23,1724,some high school,54818.0,3.0,3.3,3,0,6
29,1970,some high school,76065.0,3.7,3.3,5,0,10
28,1924,some high school,25052.0,3.5,3.4,6,0,12
33,2301,master's degree,85959.0,4.0,3.4,6,0,12
30,2177,some college,59979.0,4.0,3.3,4,0,8
33,2191,some college,67834.0,4.0,3.6,4,0,8
26,1775,some college,74739.0,3.4,3.1,8,0,16
28,2082,some college,75206.0,3.9,3.1,5,0,10
26,1891,associate's degree,84455.0,3.3,3.3,5,0,10
26,1873,high school,63728.0,3.4,3.5,3,0,6
31,2068,associate's degree,70007.0,4.0,3.2,6,0,12
28,1979,high school,50078.0,3.6,3.6,3,0,6
28,1888,some college,80294.0,3.7,3.4,4,0,8
29,2163,bachelor's degree,111580.0,4.0,3.6,7,0,14
30,1981,high school,52113.0,3.7,3.4,5,0,10
31,2066,master's degree,86211.0,3.9,3.5,4,0,8
27,1876,high school,69239.0,3.4,3.6,5,0,10
25,1786,high school,51917.0,3.3,3.1,4,0,8
29,2071,some college,87462.0,3.9,3.5,5,0,10
28,2043,some high school,75790.0,3.7,3.5,4,0,8
29,1966,associate's degree,79421.0,3.7,3.6,4,0,8
26,1745,high school,58652.0,3.2,3.3,4,0,8
33,2157,some college,46162.0,4.0,3.3,5,0,10
31,2180,master's degree,93940.0,4.0,3.5,5,0,10
28,1912,high school,64039.0,3.6,3.4,6,0,12
31,2049,associate's degree,80808.0,3.9,3.8,4,0,8
25,1880,some college,34272.0,3.5,3.3,7,0,14
26,1777,high school,62391.0,3.2,3.2,5,0,10
31,2051,bachelor's degree,81731.0,4.0,3.6,4,0,8
33,2153,associate's degree,74855.0,4.0,3.5,5,0,10
24,1772,some high school,45746.0,3.3,3.0,5,0,10
27,1982,some college,57364.0,3.6,3.2,4,0,8
31,2191,master's degree,96879.0,4.0,3.7,4,0,8
26,1884,some high school,46347.0,3.5,3.3,6,0,12
28,1965,high school,70179.0,3.5,3.0,8,0,16
26,1922,high school,52687.0,3.5,3.3,4,0,8
26,1851,some college,56543.0,3.4,3.5,3,0,6
28,1759,high school,84265.0,3.3,3.3,4,0,8
32,2148,bachelor's degree,112865.0,4.0,3.8,4,0,8
28,1895,some high school,32357.0,3.7,3.2,5,0,10
26,1955,some college,82047.0,3.7,3.6,3,0,6
27,1976,some high school,66320.0,3.8,3.7,3,0,6
22,1738,some college,89734.0,3.1,3.1,5,0,10
32,2188,some college,88846.0,4.0,3.7,5,0,10
28,1993,master's degree,83385.0,3.6,3.4,7,0,14
30,2079,master's degree,91867.0,4.0,3.8,3,0,6
28,2028,some college,46390.0,3.8,3.4,6,0,12
30,2001,some college,87667.0,3.8,3.5,5,0,10
27,1881,high school,50248.0,3.4,3.1,4,0,8
27,1897,some college,70152.0,3.6,3.6,3,0,6
31,2133,some college,72536.0,4.0,3.2,5,0,10
27,1859,some college,83756.0,3.4,2.9,5,0,10
31,2031,associate's degree,54082.0,4.0,3.7,6,0,12
30,2101,bachelor's degree,71340.0,4.0,3.1,8,0,16
26,1921,high school,89368.0,3.4,3.4,4,0,8
30,2167,bachelor's degree,72606.0,4.0,3.8,6,0,12
29,1906,some high school,59743.0,3.7,3.3,8,0,16
31,2106,master's degree,76544.0,4.0,3.2,5,0,10
27,1894,some college,65880.0,3.6,3.3,4,0,8
31,2158,some high school,22191.0,4.0,3.4,6,0,12
28,1941,some college,73652.0,3.6,3.4,5,0,10
33,2078,some college,59329.0,4.0,3.3,4,0,8
31,2105,some high school,41372.0,4.0,3.3,6,0,12
28,1925,some high school,55335.0,3.6,3.5,3,0,6
26,1892,high school,68167.0,3.4,3.2,7,0,14
24,1799,some high school,50326.0,3.2,3.2,4,0,8
31,2214,some college,75645.0,4.0,3.8,3,0,6
27,2024,some college,61769.0,3.8,3.3,5,0,10
26,1954,high school,43384.0,3.5,3.3,5,0,10
28,1928,associate's degree,94921.0,3.6,3.6,6,0,12
27,1918,high school,64682.0,3.5,3.6,3,0,6
25,1772,high school,49063.0,3.1,3.0,5,0,10
27,1961,some high school,32992.0,3.6,3.3,5,0,10
30,2105,master's degree,96412.0,3.9,3.6,4,0,8
27,1823,high school,60404.0,3.3,3.4,8,0,16
34,2211,some college,72022.0,4.0,3.5,4,0,8
30,2079,high school,46946.0,3.8,3.4,5,0,10
22,1715,some high school,83495.0,3.0,3.1,4,0,8
27,1933,high school,52021.0,3.5,3.3,5,0,10
30,2106,some high school,51653.0,3.9,3.6,3,0,6
29,2091,some college,51426.0,3.9,3.7,4,0,8
27,1894,bachelor's degree,88103.0,3.5,3.0,6,0,12
27,1909,some high school,49781.0,3.6,3.2,5,0,10
26,1898,associate's degree,63890.0,3.4,3.3,4,0,8
25,1707,some high school,72767.0,3.2,3.4,6,0,12
28,2062,associate's degree,87492.0,4.0,3.8,3,0,6
30,2015,high school,70737.0,3.9,3.8,4,0,8
29,2021,high school,60404.0,3.9,3.6,4,0,8
23,1749,high school,55410.0,2.9,3.0,4,0,8
21,1640,some high school,54847.0,2.8,3.4,3,0,6
31,2000,some high school,49405.0,3.8,3.3,5,0,10
27,1903,high school,53437.0,3.6,3.4,4,0,8
25,1882,some college,71828.0,3.3,3.2,8,0,16
30,2105,bachelor's degree,84698.0,4.0,3.8,3,0,6
31,1989,some college,68788.0,3.8,3.4,4,0,8
29,1937,some high school,75042.0,3.6,3.2,5,0,10
32,2139,bachelor's degree,103774.0,4.0,4.0,3,0,6
25,1747,some college,74725.0,3.2,3.2,5,0,10
34,2172,master's degree,115112.0,4.0,3.9,4,0,8
27,1926,high school,68447.0,3.5,3.3,5,0,10
26,1941,some high school,35481.0,3.6,3.1,5,0,10
25,1850,some college,54880.0,3.4,3.1,4,0,8
28,1924,some college,76989.0,3.7,3.3,4,0,8
30,2101,bachelor's degree,71120.0,4.0,3.3,5,0,10
25,1763,some high school,56887.0,3.2,3.3,4,0,8
32,2156,associate's degree,104360.0,4.0,4.0,3,0,6
32,2279,bachelor's degree,65650.0,4.0,3.3,5,0,10
29,1993,high school,61607.0,3.7,3.4,4,0,8
29,2073,bachelor's degree,86205.0,4.0,3.5,5,0,10
26,1833,high school,61853.0,3.4,3.4,6,0,12
23,1811,high school,53721.0,3.1,3.3,3,0,6
26,1951,high school,52750.0,3.6,3.1,5,0,10
31,2174,bachelor's degree,67851.0,4.0,3.4,4,0,8
25,1856,associate's degree,84679.0,3.3,3.3,5,0,10
28,2004,high school,31889.0,3.6,3.3,5,0,10
28,2109,master's degree,94346.0,3.8,3.4,4,0,8
31,1985,some high school,72416.0,3.9,3.4,4,0,8
31,2114,bachelor's degree,70412.0,4.0,3.2,5,0,10
28,1958,some high school,49516.0,3.7,3.3,6,0,12
29,2042,bachelor's degree,113597.0,4.0,3.8,3,0,6
29,2001,bachelor's degree,65737.0,3.7,3.5,4,0,8
29,2031,some college,81633.0,4.0,3.4,7,0,14
27,1857,associate's degree,58164.0,3.4,3.3,6,0,12
29,1965,some college,72052.0,3.5,3.2,4,0,8
32,2049,high school,79015.0,4.0,3.9,3,0,6
30,2038,master's degree,68861.0,3.9,3.3,6,0,12
24,1840,some college,69606.0,3.2,3.1,5,0,10
26,1779,some college,66114.0,3.4,3.1,5,0,10
28,1954,some high school,22892.0,3.7,3.3,6,0,12
30,2024,high school,41464.0,3.9,3.2,6,0,12
25,1812,some high school,46645.0,3.3,3.3,4,0,8
24,1788,some college,68691.0,3.2,3.0,6,0,12
29,1988,some college,88421.0,3.8,3.2,6,0,12
27,2076,bachelor's degree,70671.0,4.0,3.0,5,0,10
27,1863,associate's degree,70826.0,3.5,3.4,4,0,8
30,2189,bachelor's degree,102665.0,4.0,3.9,3,0,6
35,2278,associate's degree,93446.0,4.0,3.8,5,0,10
29,2009,bachelor's degree,111894.0,3.7,3.4,4,0,8
30,2063,high school,46029.0,3.9,3.4,6,0,12
26,1958,some college,54810.0,3.6,3.3,6,0,12
35,2296,master's degree,83525.0,4.0,3.8,4,0,8
27,1991,master's degree,89224.0,3.7,3.6,3,0,6
31,2087,associate's degree,71209.0,4.0,3.8,7,0,14
29,1997,associate's degree,51380.0,3.7,3.4,3,0,6
29,2074,high school,39310.0,3.8,3.1,6,0,12
26,1835,high school,67736.0,3.3,3.5,3,0,6
28,1999,bachelor's degree,107502.0,3.9,3.8,3,0,6
28,1893,high school,30293.0,3.4,3.2,7,0,14
30,2171,bachelor's degree,77054.0,4.0,3.5,8,0,16
31,2115,bachelor's degree,100889.0,4.0,3.7,4,0,8
25,1816,bachelor's degree,92063.0,3.4,3.0,5,0,10
29,2048,some college,70458.0,3.8,3.4,4,0,8
32,2047,associate's degree,90475.0,4.0,3.7,4,0,8
30,1967,some high school,24122.0,3.7,3.3,8,0,16
30,1970,high school,48860.0,3.8,3.5,4,0,8
29,2010,associate's degree,72982.0,3.7,3.6,3,0,6
30,1943,high school,56933.0,3.6,3.5,3,0,6
34,2296,master's degree,61254.0,4.0,3.7,4,0,8
29,1966,high school,66154.0,3.5,3.4,4,0,8
27,2014,associate's degree,53131.0,3.7,3.5,3,0,6
25,1729,some high school,22697.0,3.1,3.0,5,0,10
28,1833,bachelor's degree,111333.0,3.5,3.3,7,0,14
27,1986,some college,49942.0,3.6,3.6,4,0,8
25,1819,some high school,28525.0,3.2,3.0,5,0,10
25,1778,some college,81119.0,3.3,3.2,4,0,8
29,1917,high school,46412.0,3.7,3.5,4,0,8
33,2266,some college,95279.0,4.0,3.6,5,0,10
29,2023,associate's degree,88770.0,3.8,3.7,3,0,6
24,1781,some college,72460.0,3.3,3.1,7,0,14
28,1932,high school,32585.0,3.6,3.1,7,0,14
29,2003,some high school,66611.0,3.8,3.4,6,0,12
31,2125,bachelor's degree,92900.0,4.0,3.2,5,0,10
27,1899,some high school,73054.0,3.5,3.4,4,0,8
28,1945,bachelor's degree,91741.0,3.8,3.5,4,0,8
28,1883,some high school,56567.0,3.5,3.5,3,0,6
28,1927,associate's degree,82803.0,3.5,3.6,3,0,6
29,1964,high school,76164.0,3.6,3.3,4,0,8
28,1979,associate's degree,82767.0,3.8,3.6,4,0,8
28,1995,some high school,45634.0,3.7,3.2,5,0,10
27,1949,some high school,30833.0,3.6,3.4,4,0,8
26,1763,high school,38095.0,3.3,3.3,8,0,16
28,2024,some high school,71050.0,3.8,3.3,6,0,12
34,2234,high school,41676.0,4.0,3.4,9,0,18
27,1809,some college,52098.0,3.3,3.0,9,0,18
35,2278,associate's degree,103101.0,4.0,3.9,4,0,8
31,2162,some college,92781.0,4.0,3.7,4,0,8
27,1979,some high school,69626.0,3.7,3.5,4,0,8
28,1987,some high school,68928.0,3.7,3.4,6,0,12
34,2308,master's degree,108832.0,4.0,3.9,4,0,8
29,2026,associate's degree,101966.0,3.7,3.5,5,0,10
32,2186,some college,54361.0,4.0,3.5,4,0,8
29,2118,some high school,32963.0,3.9,3.1,7,0,14
33,2110,high school,70819.0,4.0,3.8,3,0,6
32,2037,high school,84231.0,3.9,3.5,6,0,12
29,2034,associate's degree,58720.0,4.0,3.6,5,0,10
26,1883,associate's degree,57927.0,3.5,3.4,4,0,8
26,1830,high school,33668.0,3.5,3.5,4,0,8
29,2080,master's degree,89541.0,4.0,3.7,3,0,6
29,2021,some high school,33392.0,3.8,3.5,4,0,8
28,2136,bachelor's degree,80213.0,4.0,3.4,4,0,8
25,1831,bachelor's degree,74145.0,3.4,3.2,4,0,8
26,1975,some high school,37441.0,3.5,2.9,6,0,12
35,2265,associate's degree,79530.0,4.0,3.7,7,0,14
26,1963,master's degree,89885.0,3.5,3.2,4,0,8
32,2251,bachelor's degree,90652.0,4.0,3.8,5,0,10
28,1928,high school,79511.0,3.7,3.7,3,0,6
24,1801,some college,84588.0,3.3,3.2,4,0,8
30,2033,bachelor's degree,78168.0,3.8,3.5,5,0,10
32,2134,master's degree,101832.0,4.0,3.6,4,0,8
29,1984,some high school,54859.0,3.8,3.6,5,0,10
23,1750,some high school,45059.0,3.1,2.9,6,0,12
27,1909,some college,50764.0,3.5,3.2,6,0,12
29,1985,associate's degree,83925.0,3.6,3.5,6,0,12
29,2086,bachelor's degree,82881.0,4.0,3.2,5,0,10
27,1896,some college,71634.0,3.5,3.2,4,0,8
34,2358,associate's degree,83577.0,4.0,3.6,4,0,8
28,2097,master's degree,124470.0,3.9,3.6,7,0,14
28,1988,some college,57703.0,3.8,3.3,4,0,8
28,2078,some college,91873.0,3.9,3.5,5,0,10
27,1884,some high school,22932.0,3.6,3.0,5,0,10
25,1892,bachelor's degree,72725.0,3.4,3.3,4,0,8
27,1973,some college,82813.0,3.5,3.3,4,0,8
28,2064,some college,70783.0,3.8,3.5,4,0,8
27,1882,associate's degree,67599.0,3.5,3.3,4,0,8
30,2055,some college,84318.0,4.0,3.5,4,0,8
34,2142,some high school,32371.0,4.0,3.5,5,0,10
27,1950,high school,89155.0,3.5,3.2,7,0,14
30,2204,some college,85745.0,4.0,3.4,6,0,12
29,2056,some high school,45521.0,3.8,3.2,5,0,10
27,1873,some college,86540.0,3.5,3.3,5,0,10
26,1919,some high school,63216.0,3.5,3.5,4,0,8
33,2198,bachelor's degree,107353.0,4.0,3.6,5,0,10
27,1989,bachelor's degree,71910.0,3.8,3.5,3,0,6
26,1882,some high school,55525.0,3.4,3.1,5,0,10
32,2090,bachelor's degree,94402.0,4.0,3.7,3,0,6
27,1895,high school,56359.0,3.6,3.3,4,0,8
25,1708,some college,47134.0,3.2,3.0,5,0,10
28,1933,high school,44433.0,3.7,3.1,8,0,16
31,2178,high school,63953.0,4.0,3.6,4,0,8
23,1772,some college,62215.0,3.2,3.3,3,0,6
28,1976,high school,44273.0,3.7,3.4,5,0,10
30,2046,high school,61291.0,3.8,3.5,4,0,8
29,1972,some high school,57891.0,3.8,3.4,4,0,8
30,2014,associate's degree,57454.0,4.0,3.1,6,0,12
31,2180,bachelor's degree,54502.0,4.0,3.3,4,0,8
34,2342,bachelor's degree,98469.0,4.0,3.3,5,0,10
35,2290,bachelor's degree,70541.0,4.0,3.9,6,0,12
24,1715,associate's degree,82959.0,3.0,3.1,5,0,10
29,1952,some college,70871.0,3.7,3.5,4,0,8
31,2106,high school,57191.0,4.0,3.0,7,0,14
29,2018,some high school,52651.0,3.9,3.4,6,0,12
25,1856,some college,76085.0,3.5,3.6,3,0,6
29,2101,associate's degree,39594.0,3.9,3.5,4,0,8
31,2152,associate's degree,88339.0,4.0,3.4,7,0,14
33,2217,some college,79005.0,4.0,3.5,4,0,8
32,2077,high school,62571.0,4.0,3.2,5,0,10
30,2138,some college,78231.0,4.0,3.5,4,0,8
31,2138,bachelor's degree,69281.0,4.0,3.2,5,0,10
27,1875,some high school,39808.0,3.5,3.3,5,0,10
29,1967,associate's degree,76076.0,3.8,3.6,6,0,12
28,1945,high school,59708.0,3.4,3.6,5,0,10
29,2124,some college,92570.0,4.0,3.5,6,0,12
27,1800,high school,55685.0,3.4,3.0,5,0,10
29,1956,bachelor's degree,84773.0,3.7,3.3,7,0,14
29,2059,bachelor's degree,66884.0,3.9,3.3,5,0,10
29,2114,bachelor's degree,100011.0,4.0,3.7,7,0,14
28,1855,some high school,30246.0,3.5,3.2,5,0,10
25,1864,some college,68990.0,3.2,3.0,6,0,12
30,2099,some high school,44058.0,4.0,3.2,8,0,16
32,2204,some college,61511.0,4.0,3.2,5,0,10
32,2266,some college,55909.0,4.0,3.4,4,0,8
28,1935,high school,76499.0,3.6,3.2,5,0,10
24,1685,some high school,42246.0,3.1,3.0,6,0,12
30,2102,some high school,38675.0,3.9,3.4,5,0,10
32,2180,bachelor's degree,72370.0,4.0,3.7,4,0,8
28,1934,some high school,64746.0,3.7,3.0,5,0,10
27,1923,high school,44380.0,3.6,3.5,5,0,10
28,2103,master's degree,95091.0,4.0,3.7,4,0,8
28,2013,high school,54189.0,3.7,3.3,4,0,8
29,2113,some college,72302.0,4.0,3.5,8,0,16
25,1934,associate's degree,55311.0,3.4,3.5,3,0,6
32,2222,associate's degree,62214.0,4.0,3.4,4,0,8
29,2044,associate's degree,79376.0,3.8,3.6,8,0,16
27,1974,bachelor's degree,70771.0,3.5,3.0,6,0,12
31,2070,bachelor's degree,94779.0,4.0,3.5,4,0,8
25,1806,some college,76153.0,3.4,3.2,4,0,8
26,1771,high school,57030.0,3.3,3.2,4,0,8
27,1960,high school,47355.0,3.7,3.3,5,0,10
29,2111,associate's degree,58606.0,4.0,3.4,5,0,10
28,1981,high school,68553.0,3.7,3.4,5,0,10
29,2063,some high school,78554.0,3.7,3.8,3,0,6
25,1937,some high school,47676.0,3.6,3.3,5,0,10
28,1989,some high school,79527.0,3.6,3.3,4,0,8
27,1957,associate's degree,65536.0,3.7,3.4,4,0,8
30,1992,some high school,66121.0,3.8,3.2,7,0,14
29,1938,associate's degree,76536.0,3.7,3.2,8,0,16
31,2146,high school,73118.0,4.0,3.3,7,0,14
26,1871,some college,47948.0,3.4,3.2,5,0,10
32,2132,some college,47343.0,4.0,3.6,5,0,10
27,1947,high school,50013.0,3.6,3.3,5,0,10
31,2072,high school,51642.0,3.9,3.5,4,0,8
28,2012,some college,66896.0,3.7,3.6,3,0,6
32,2083,bachelor's degree,89517.0,4.0,3.8,4,0,8
22,1598,some college,73060.0,2.8,3.0,5,0,10
29,2018,associate's degree,67213.0,3.7,3.3,4,0,8
30,2060,associate's degree,101694.0,3.8,3.8,3,0,6
32,2099,some high school,68197.0,4.0,3.4,6,0,12
29,2016,some high school,36428.0,3.8,3.2,5,0,10
29,2095,associate's degree,94662.0,4.0,3.9,6,0,12
29,2056,associate's degree,79834.0,3.9,3.4,4,0,8
27,1970,associate's degree,70870.0,3.5,3.3,6,0,12
35,2226,high school,81528.0,4.0,3.6,4,0,8
29,2041,associate's degree,99695.0,3.9,3.6,6,0,12
27,1868,some college,56722.0,3.5,3.3,4,0,8
29,2014,some college,56964.0,3.9,2.9,9,0,18
24,1888,bachelor's degree,66372.0,3.4,3.3,4,0,8
24,1733,associate's degree,47323.0,3.2,2.9,6,0,12
28,1956,associate's degree,62151.0,3.6,3.4,4,0,8
30,2056,high school,72235.0,3.9,3.4,5,0,10
32,2136,some college,58269.0,4.0,3.7,3,0,6
28,1849,high school,49161.0,3.4,3.5,5,0,10
32,2170,bachelor's degree,92676.0,4.0,3.6,4,0,8
28,1899,high school,60887.0,3.6,3.4,8,0,16
30,2098,associate's degree,53931.0,4.0,3.3,5,0,10
24,1748,some college,89555.0,3.2,3.4,4,0,8
30,2146,bachelor's degree,102741.0,4.0,3.5,4,0,8
30,2087,some college,51943.0,4.0,3.3,4,0,8
27,2048,master's degree,89723.0,3.8,3.3,4,0,8
28,1938,high school,56564.0,3.5,3.2,8,0,16
27,1978,some college,74675.0,3.6,3.4,4,0,8
30,2235,bachelor's degree,75686.0,4.0,3.5,4,0,8
26,1917,some college,48630.0,3.5,3.3,5,0,10
31,2086,associate's degree,79405.0,4.0,3.8,3,0,6
27,1894,some college,72324.0,3.6,3.6,3,0,6
26,1969,some high school,57007.0,3.6,3.2,5,0,10
26,1872,high school,30384.0,3.4,2.9,6,0,12
28,1914,high school,44890.0,3.5,3.3,6,0,12
26,2004,bachelor's degree,83394.0,3.7,3.3,4,0,8
28,2003,bachelor's degree,64362.0,3.6,3.5,7,0,14
27,1896,some high school,55887.0,3.6,3.1,7,0,14
28,1897,high school,55399.0,3.5,3.2,4,0,8
30,1985,some college,81840.0,3.8,3.5,4,0,8
27,1916,some college,67994.0,3.5,3.3,4,0,8
32,2328,bachelor's degree,59035.0,4.0,3.3,5,0,10
26,1750,some high school,45142.0,3.2,3.4,4,0,8
30,2018,some high school,58297.0,3.9,3.3,7,0,14
29,2013,high school,91228.0,3.7,3.4,4,0,8
32,2075,associate's degree,61446.0,4.0,3.4,8,0,16
25,1891,some college,71120.0,3.4,3.2,4,0,8
30,2014,some college,45340.0,3.9,3.0,6,0,12
28,1938,some high school,19452.0,3.7,2.9,6,0,12
30,2154,high school,59045.0,4.0,3.6,4,0,8
32,2111,high school,82362.0,4.0,3.8,3,0,6
31,2161,associate's degree,92230.0,4.0,3.8,3,0,6
29,2104,some college,81195.0,4.0,3.5,4,0,8
29,2042,master's degree,102364.0,3.9,3.2,7,0,14
25,1854,high school,37021.0,3.3,2.8,9,0,18
34,2250,master's degree,86656.0,4.0,3.2,5,0,10
28,1888,high school,48701.0,3.7,3.2,5,0,10
27,1931,some college,46610.0,3.7,3.1,6,0,12
30,2081,associate's degree,71530.0,3.9,3.6,3,0,6
31,2016,associate's degree,74128.0,3.9,3.3,5,0,10
29,2018,some college,48783.0,3.9,3.4,7,0,14
36,2358,master's degree,94092.0,4.0,3.7,7,0,14
31,2171,some college,57107.0,4.0,3.5,4,0,8
28,2055,associate's degree,75310.0,3.8,3.7,5,0,10
27,1943,some college,77835.0,3.7,3.2,9,0,18
24,1791,master's degree,101397.0,3.2,3.3,4,0,8
28,1925,some high school,49750.0,3.6,3.3,8,0,16
21,1628,some high school,36769.0,2.8,3.1,6,0,12
28,2024,bachelor's degree,80024.0,4.0,3.3,6,0,12
27,1934,some high school,71045.0,3.4,3.4,5,0,10
26,1855,associate's degree,76883.0,3.5,3.5,8,0,16
25,1880,some high school,27165.0,3.3,3.1,5,0,10
27,1797,some high school,55458.0,3.3,3.2,4,0,8
33,2222,bachelor's degree,95449.0,4.0,3.6,4,0,8
31,2053,bachelor's degree,102696.0,4.0,3.6,8,0,16
26,1797,some high school,55366.0,3.4,3.3,4,0,8
32,2171,associate's degree,76111.0,4.0,3.4,5,0,10
26,1888,some high school,42848.0,3.5,3.3,5,0,10
34,2185,high school,101013.0,4.0,3.6,6,0,12
26,2007,some high school,36811.0,3.7,3.3,8,0,16
32,2165,bachelor's degree,74655.0,4.0,3.2,5,0,10
31,2135,associate's degree,79017.0,4.0,3.6,4,0,8
31,2024,some college,84826.0,4.0,3.7,7,0,14
35,2273,master's degree,93051.0,4.0,3.8,5,0,10
27,2016,associate's degree,74430.0,3.9,3.5,5,0,10
28,1980,some college,59923.0,3.8,2.9,7,0,14
31,2081,high school,75411.0,3.9,3.8,4,0,8
25,1852,bachelor's degree,93113.0,3.4,3.5,4,0,8
29,2058,associate's degree,74172.0,4.0,3.4,7,0,14
30,2017,associate's degree,56874.0,3.9,3.3,4,0,8
28,1954,associate's degree,89951.0,3.7,3.6,4,0,8
31,2193,associate's degree,85118.0,4.0,3.6,8,0,16
34,2192,some college,30934.0,4.0,3.5,6,0,12
26,1969,high school,74692.0,3.7,3.0,7,0,14
25,1747,some high school,48398.0,3.2,3.2,5,0,10
27,1945,high school,59506.0,3.5,3.5,7,0,14
26,1869,bachelor's degree,89105.0,3.5,3.5,6,0,12
26,1933,some high school,53021.0,3.6,3.6,4,0,8
29,1991,high school,63309.0,3.8,3.2,7,0,14
27,1913,some high school,57252.0,3.6,3.5,3,0,6
29,2049,some high school,59398.0,3.8,3.4,4,0,8
33,2230,some college,81075.0,4.0,3.6,4,0,8
32,2077,some college,77575.0,4.0,3.2,8,0,16
28,1971,associate's degree,71186.0,3.8,3.4,4,0,8
29,2094,master's degree,91724.0,3.9,3.5,4,0,8
27,1903,some high school,46053.0,3.5,3.3,5,0,10
28,2120,high school,38167.0,3.9,3.6,6,0,12
29,2107,some college,42981.0,3.9,3.2,9,0,18
27,1922,high school,42724.0,3.5,3.1,6,0,12
31,1998,some high school,72599.0,3.9,3.1,7,0,14
28,2113,some college,98997.0,4.0,3.8,3,0,6
24,1739,some high school,44323.0,3.0,2.6,9,0,18
31,2084,master's degree,90239.0,4.0,3.5,5,0,10
31,2034,associate's degree,102942.0,4.0,3.5,4,0,8
27,1980,high school,53177.0,3.6,3.1,6,0,12
30,2028,some college,73172.0,4.0,3.4,4,0,8
32,2006,associate's degree,73173.0,4.0,3.3,6,0,12
28,2001,some college,63108.0,3.8,3.5,5,0,10
32,2159,some college,59782.0,4.0,3.4,4,0,8
28,1933,some high school,50333.0,3.6,3.0,5,0,10
28,1960,some high school,25347.0,3.5,3.1,5,0,10
29,2136,associate's degree,94534.0,4.0,3.6,4,0,8
32,2159,associate's degree,58995.0,4.0,3.6,4,0,8
29,2021,bachelor's degree,107584.0,3.7,3.2,6,0,12
28,1895,some high school,46871.0,3.5,3.3,7,0,14
32,2154,some college,70905.0,4.0,3.4,4,0,8
29,2050,associate's degree,49212.0,4.0,3.4,8,0,16
30,2079,some college,97216.0,4.0,3.7,5,0,10
30,1921,high school,80039.0,3.7,3.4,8,0,16
28,2094,master's degree,97638.0,3.9,3.6,6,0,12
22,1764,some high school,28149.0,3.0,3.1,5,0,10
30,2041,some college,67357.0,3.8,3.2,5,0,10
32,2141,some college,68337.0,4.0,3.6,4,0,8
25,1958,associate's degree,65779.0,3.4,3.4,5,0,10
30,2171,bachelor's degree,82445.0,4.0,3.5,6,0,12
31,2109,high school,20293.0,3.9,3.3,5,0,10
23,1765,high school,63831.0,3.2,3.0,9,0,18
23,1621,high school,51278.0,3.0,3.1,5,0,10
27,1864,some high school,69211.0,3.3,3.1,4,0,8
27,1893,some college,56630.0,3.3,3.2,4,0,8
28,2017,some college,62150.0,3.8,3.2,4,0,8
26,1832,some high school,28863.0,3.3,3.0,6,0,12
28,1976,some high school,47700.0,3.6,3.1,7,0,14
33,2279,bachelor's degree,73979.0,4.0,3.5,4,0,8
28,1869,some high school,61208.0,3.3,3.1,4,0,8
26,1934,some college,75008.0,3.6,3.2,5,0,10
27,1952,some college,97194.0,3.5,3.4,4,0,8
25,1851,some college,68296.0,3.4,3.1,5,0,10
29,1979,associate's degree,74620.0,3.8,3.5,4,0,8
22,1711,some college,65491.0,2.9,3.1,6,0,12
30,2120,some college,75846.0,4.0,3.3,6,0,12
27,1924,associate's degree,82191.0,3.6,3.5,4,0,8
33,2248,associate's degree,66233.0,4.0,3.7,6,0,12
31,2037,associate's degree,59896.0,3.9,3.3,4,0,8
29,2041,some high school,61264.0,3.8,3.6,6,0,12
27,2010,associate's degree,64341.0,3.7,3.3,5,0,10
31,2079,bachelor's degree,70454.0,3.9,3.6,3,0,6
28,1982,associate's degree,69881.0,3.7,3.6,3,0,6
25,1758,some high school,46564.0,3.2,2.8,6,0,12
28,1961,some college,75540.0,3.8,3.2,6,0,12
27,1959,some high school,54414.0,3.7,3.6,3,0,6
29,1981,some college,83983.0,3.8,3.7,5,0,10
30,2027,some college,35814.0,3.7,3.2,9,0,18
30,1991,high school,78999.0,3.8,3.4,9,0,18
26,1758,some college,54200.0,3.3,3.3,4,0,8
28,2085,bachelor's degree,87107.0,3.8,3.4,4,0,8
27,1813,some high school,41688.0,3.3,3.1,5,0,10
32,2126,master's degree,79024.0,4.0,3.7,3,0,6
23,1702,high school,53472.0,3.0,2.9,5,0,10
25,1843,some high school,73667.0,3.2,3.2,4,0,8
28,1941,associate's degree,54945.0,3.7,3.5,3,0,6
31,2051,master's degree,85519.0,4.0,3.6,4,0,8
30,2017,some high school,79680.0,3.9,3.8,5,0,10
24,1805,some college,69015.0,3.3,3.5,3,0,6
27,1902,high school,71504.0,3.5,3.7,3,0,6
24,1820,some college,73259.0,3.2,3.5,4,0,8
25,1816,some high school,65988.0,3.3,2.9,5,0,10
25,1749,some high school,45852.0,3.1,3.3,4,0,8
27,1990,master's degree,112869.0,3.7,3.7,4,0,8
33,2224,master's degree,91722.0,4.0,4.0,3,0,6
31,2121,master's degree,72604.0,4.0,3.6,5,0,10
27,1860,some high school,43246.0,3.5,3.3,6,0,12
28,1941,some high school,72922.0,3.6,3.5,4,0,8
24,1772,high school,30363.0,3.1,2.8,7,0,14
34,2198,associate's degree,56683.0,4.0,3.7,3,0,6
30,1996,bachelor's degree,74939.0,3.9,3.3,4,0,8
28,2043,some college,57005.0,3.7,3.4,5,0,10
31,2056,some college,79877.0,4.0,3.3,5,0,10
36,2270,associate's degree,50569.0,4.0,3.7,3,0,6
30,2093,associate's degree,83434.0,3.9,3.5,4,0,8
30,1951,high school,57537.0,3.8,3.4,6,0,12
29,1944,some college,97086.0,3.8,3.4,4,0,8
27,2023,bachelor's degree,48266.0,3.9,3.2,8,0,16
23,1806,some high school,86335.0,3.2,3.4,7,0,14
29,2015,high school,60620.0,3.8,3.3,8,0,16
29,1939,associate's degree,81465.0,3.8,3.5,4,0,8
27,1828,high school,40029.0,3.4,3.0,6,0,12
31,2200,some high school,53254.0,4.0,3.7,3,0,6
27,2051,some high school,38891.0,3.7,3.5,5,0,10
27,1877,some college,65190.0,3.6,3.0,6,0,12
31,2173,associate's degree,104267.0,4.0,3.5,6,0,12
26,2015,some college,79807.0,3.7,3.7,3,0,6
25,1797,some high school,64254.0,3.3,3.2,4,0,8
29,2089,associate's degree,46093.0,3.9,3.4,5,0,10
33,2190,master's degree,88066.0,4.0,3.8,5,0,10
28,1913,high school,72890.0,3.5,3.0,5,0,10
30,2084,master's degree,60542.0,4.0,3.3,5,0,10
28,1965,some college,55937.0,3.8,3.2,6,0,12
25,1924,some college,61445.0,3.5,3.4,3,0,6
30,2068,bachelor's degree,78028.0,3.9,3.3,4,0,8
35,2366,associate's degree,47287.0,4.0,3.5,5,0,10
30,2058,associate's degree,85006.0,4.0,3.5,5,0,10
28,1972,high school,30155.0,3.6,3.5,4,0,8
33,2183,associate's degree,78059.0,4.0,3.6,8,0,16
29,2112,bachelor's degree,66927.0,3.9,3.5,4,0,8
25,1987,some college,71225.0,3.7,3.6,4,0,8
29,2111,some college,88025.0,3.9,3.6,4,0,8
30,2165,associate's degree,71615.0,4.0,3.5,8,0,16
28,1942,high school,46019.0,3.8,3.4,5,0,10
27,2063,master's degree,85553.0,4.0,3.7,3,0,6
20,1608,some high school,22068.0,2.8,2.7,6,0,12
27,1858,associate's degree,87625.0,3.4,3.7,3,0,6
29,1953,high school,47558.0,3.7,3.5,4,0,8
31,2147,some college,58622.0,4.0,3.3,4,0,8
29,2010,high school,49923.0,3.8,3.4,6,0,12
32,2133,some college,87530.0,4.0,3.6,4,0,8
32,2180,some college,43207.0,4.0,3.4,5,0,10
29,2088,bachelor's degree,77766.0,3.9,3.4,8,0,16
31,2107,some high school,52653.0,4.0,3.2,6,0,12
31,2061,master's degree,118989.0,3.9,3.5,4,0,8
28,2028,high school,35836.0,3.6,3.3,9,0,18
28,1907,high school,59330.0,3.6,2.9,9,0,18
27,1862,high school,57643.0,3.5,3.1,5,0,10
27,1887,associate's degree,78450.0,3.5,3.4,4,0,8
27,1848,high school,81577.0,3.4,3.4,4,0,8
26,1908,some college,35642.0,3.5,3.2,8,0,16
32,2191,some college,61567.0,4.0,3.2,5,0,10
30,2008,some high school,54647.0,3.8,3.0,5,0,10
25,1722,some high school,31233.0,3.1,2.7,10,0,20
26,1938,some college,75639.0,3.6,3.1,5,0,10
27,1983,high school,51832.0,3.6,3.1,6,0,12
30,1951,master's degree,91178.0,3.7,3.8,4,0,8
30,2096,some college,75559.0,4.0,3.5,4,0,8
29,2009,some college,76925.0,3.8,3.7,4,0,8
27,1971,high school,65163.0,3.6,3.5,4,0,8
26,1698,some high school,21693.0,3.1,2.8,6,0,12
26,1876,some college,60782.0,3.5,3.3,4,0,8
25,1809,high school,53205.0,3.2,3.0,5,0,10
23,1693,some high school,67457.0,3.1,3.2,5,0,10
28,1857,high school,90919.0,3.5,3.3,4,0,8
30,2120,master's degree,84474.0,4.0,3.5,4,0,8
30,2150,master's degree,90677.0,3.9,3.7,4,0,8
29,2018,some high school,37103.0,3.7,2.9,6,0,12
34,2349,master's degree,96281.0,4.0,3.6,5,0,10
26,1806,high school,42594.0,3.2,3.3,5,0,10
29,2042,high school,53314.0,3.8,3.4,6,0,12
32,2230,some college,87672.0,4.0,3.6,5,0,10
29,2011,master's degree,87878.0,3.7,3.6,3,0,6
30,2032,high school,56946.0,3.9,3.5,4,0,8
26,1965,some high school,58196.0,3.6,3.2,4,0,8
32,2213,associate's degree,63353.0,4.0,3.4,5,0,10
25,1850,master's degree,94537.0,3.4,3.4,4,0,8
25,1763,some high school,52691.0,3.2,2.9,7,0,14
24,1858,associate's degree,70951.0,3.5,3.4,4,0,8
28,2021,some college,66483.0,3.8,3.4,4,0,8
30,2093,associate's degree,84406.0,3.9,3.2,9,0,18
29,1967,some college,92666.0,3.7,3.5,4,0,8
28,2029,bachelor's degree,86592.0,3.8,3.4,6,0,12
28,1910,associate's degree,64312.0,3.5,3.2,4,0,8
29,2002,high school,39052.0,3.8,3.0,8,0,16
22,1708,some high school,62473.0,3.0,3.2,4,0,8
30,1944,some college,66367.0,3.7,3.7,3,0,6
26,1823,high school,73136.0,3.3,3.6,3,0,6
27,1965,high school,50732.0,3.7,3.1,5,0,10
28,1949,some college,57523.0,3.8,3.3,5,0,10
26,1956,some college,89273.0,3.5,3.4,4,0,8
27,1822,high school,64070.0,3.3,3.2,4,0,8
30,2055,high school,64220.0,3.9,3.5,4,0,8
27,1921,some high school,41526.0,3.6,3.4,4,0,8
34,2252,associate's degree,85873.0,4.0,3.3,8,0,16
24,1787,some high school,80078.0,3.2,3.0,7,0,14
32,2130,associate's degree,65608.0,4.0,3.8,3,0,6
26,1756,high school,82890.0,3.1,3.2,4,0,8
28,1876,some high school,26765.0,3.5,3.0,6,0,12
24,1832,some college,74517.0,3.2,2.8,5,0,10
28,1887,some high school,70911.0,3.5,3.6,3,0,6
34,2028,high school,34307.0,4.0,3.4,5,0,10
29,2071,associate's degree,76588.0,4.0,3.5,4,0,8
31,2262,high school,67931.0,4.0,3.9,3,0,6
26,1864,some high school,69374.0,3.3,3.2,4,0,8
31,2171,bachelor's degree,74624.0,4.0,3.6,6,0,12
26,1915,some college,47708.0,3.4,3.3,5,0,10
31,2110,some college,86905.0,4.0,3.7,4,0,8
23,1730,some college,79088.0,3.1,3.2,4,0,8
24,1770,some high school,67819.0,3.2,2.9,5,0,10
27,1880,high school,48219.0,3.4,3.2,5,0,10
22,1632,some college,86108.0,3.0,3.2,4,0,8
27,1894,some college,64409.0,3.6,3.2,8,0,16
28,1979,some college,46444.0,3.7,3.2,6,0,12
24,1851,bachelor's degree,63769.0,3.4,3.2,4,0,8
29,2097,associate's degree,69144.0,3.9,3.2,6,0,12
26,1937,associate's degree,77075.0,3.7,3.1,5,0,10
26,1918,associate's degree,84055.0,3.5,3.1,5,0,10
31,2111,associate's degree,72953.0,4.0,3.3,5,0,10
31,2098,associate's degree,64111.0,4.0,3.2,6,0,12
27,2008,bachelor's degree,98627.0,3.7,3.6,3,0,6
29,2069,associate's degree,56945.0,3.9,3.4,4,0,8
24,1806,high school,39618.0,3.2,3.0,6,0,12
27,1796,high school,83890.0,3.4,3.4,4,0,8
32,2207,master's degree,85878.0,4.0,3.6,4,0,8
23,1782,some high school,46944.0,3.2,3.1,5,0,10
28,2086,some college,51907.0,3.9,3.1,5,0,10
22,1681,some college,56351.0,3.0,3.4,3,0,6
33,2141,associate's degree,80407.0,4.0,3.6,4,0,8
30,1982,high school,36619.0,3.8,3.3,8,0,16
27,2033,associate's degree,83212.0,3.7,3.7,3,0,6
32,2244,associate's degree,78061.0,4.0,3.6,4,0,8
27,1982,associate's degree,70118.0,3.7,3.4,5,0,10
33,2238,some college,74347.0,4.0,3.9,3,0,6
20,1694,associate's degree,80617.0,3.0,3.3,4,0,8
28,1971,high school,61184.0,3.6,3.3,4,0,8
26,1848,high school,48558.0,3.4,3.3,5,0,10
24,1800,associate's degree,84093.0,3.3,3.2,4,0,8
29,2129,high school,52549.0,3.9,3.3,4,0,8
29,1910,high school,44729.0,3.8,3.3,5,0,10
32,2238,master's degree,72474.0,4.0,3.8,3,0,6
34,2363,master's degree,77473.0,4.0,3.3,5,0,10
32,2143,high school,56364.0,4.0,3.6,3,0,6
31,2134,bachelor's degree,72768.0,4.0,3.4,5,0,10
27,1895,some high school,46295.0,3.5,3.4,4,0,8
29,2013,some high school,49006.0,3.9,3.1,7,0,14
26,1943,some high school,33333.0,3.5,3.3,5,0,10
28,2004,master's degree,90072.0,3.8,3.6,4,0,8
30,1967,high school,85359.0,3.9,3.7,5,0,10
33,2225,associate's degree,81539.0,4.0,3.5,4,0,8
32,2171,master's degree,58603.0,4.0,3.6,4,0,8
27,1853,high school,72142.0,3.5,3.1,5,0,10
31,2092,bachelor's degree,80059.0,3.9,3.3,4,0,8
25,1901,bachelor's degree,79227.0,3.5,3.0,6,0,12
34,2226,high school,53749.0,4.0,3.7,5,0,10
31,2193,bachelor's degree,71108.0,4.0,3.5,4,0,8
34,2251,associate's degree,82072.0,4.0,3.8,3,0,6
31,2075,high school,34111.0,3.9,3.2,6,0,12
29,2031,associate's degree,63286.0,3.8,3.2,7,0,14
27,1918,high school,62234.0,3.5,3.2,5,0,10
28,2035,some college,80320.0,3.9,3.6,5,0,10
29,2005,high school,52549.0,3.7,3.6,7,0,14
28,1930,some high school,42407.0,3.7,3.1,5,0,10
30,1985,high school,52614.0,3.7,3.5,3,0,6
32,2015,some college,82577.0,4.0,3.4,6,0,12
26,1737,some college,79784.0,3.3,2.9,7,0,14
32,2160,high school,38335.0,4.0,3.8,4,0,8
33,2076,some high school,31912.0,4.0,3.3,5,0,10
29,1959,some college,63813.0,3.7,3.3,5,0,10
29,2007,bachelor's degree,66357.0,3.9,3.4,4,0,8
30,2021,associate's degree,59004.0,3.9,3.3,5,0,10
30,2050,some high school,76968.0,3.9,3.5,4,0,8
30,2067,high school,35618.0,3.8,3.3,7,0,14
35,2385,master's degree,80609.0,4.0,3.6,4,0,8
28,1988,some high school,59903.0,3.8,3.5,5,0,10
33,2314,master's degree,100428.0,4.0,3.8,4,0,8
31,2126,some high school,66851.0,3.9,3.3,5,0,10
31,2083,bachelor's degree,81636.0,4.0,3.6,4,0,8
32,2298,some college,59984.0,4.0,3.5,4,0,8
27,1850,associate's degree,44588.0,3.5,3.5,4,0,8
31,2121,master's degree,89924.0,4.0,3.4,6,0,12
25,1808,some high school,49546.0,3.3,3.4,6,0,12
27,1941,high school,75373.0,3.7,3.3,4,0,8
26,1927,some high school,43886.0,3.5,3.4,4,0,8
29,2040,master's degree,85883.0,3.8,3.3,6,0,12
29,1965,some high school,53011.0,3.6,3.1,5,0,10
29,2032,some high school,31567.0,3.8,3.0,6,0,12
31,2144,associate's degree,75148.0,4.0,3.4,6,0,12
28,1893,high school,73083.0,3.5,3.2,8,0,16
31,1993,associate's degree,67003.0,3.9,3.4,4,0,8
31,2126,bachelor's degree,81538.0,4.0,3.5,6,0,12
31,2083,some high school,50718.0,4.0,3.2,5,0,10
29,2018,some college,56317.0,3.9,3.2,6,0,12
31,2049,master's degree,84720.0,4.0,3.8,5,0,10
24,1818,some college,55436.0,3.1,3.3,4,0,8
29,1977,associate's degree,61542.0,3.6,3.3,4,0,8
28,1950,some high school,42932.0,3.7,3.3,5,0,10
31,2146,high school,51450.0,4.0,3.6,3,0,6
25,1809,some college,53982.0,3.3,3.0,5,0,10
28,1875,some college,50275.0,3.4,3.3,6,0,12
23,1729,some college,84008.0,3.1,3.2,4,0,8
33,2133,associate's degree,68917.0,4.0,3.3,6,0,12
27,1959,some college,64516.0,3.7,3.5,3,0,6
27,1895,some high school,39502.0,3.5,3.1,7,0,14
30,2026,high school,53769.0,3.8,3.2,6,0,12
28,1956,high school,25617.0,3.7,3.0,6,0,12
32,2089,some college,56364.0,4.0,3.2,5,0,10
34,2349,master's degree,109654.0,4.0,3.8,4,0,8
29,1981,some college,59565.0,3.8,3.3,4,0,8
27,1911,associate's degree,59688.0,3.5,3.3,4,0,8
32,2205,high school,60466.0,4.0,3.6,4,0,8
28,1929,some college,81427.0,3.5,3.2,4,0,8
25,1869,master's degree,87517.0,3.3,3.3,5,0,10
31,2204,bachelor's degree,50665.0,4.0,3.4,4,0,8
31,2150,high school,40013.0,4.0,3.4,6,0,12
27,1897,master's degree,97789.0,3.6,3.7,3,0,6
31,2079,associate's degree,61450.0,4.0,3.6,4,0,8
28,1960,some college,77952.0,3.8,2.9,8,0,16
29,1958,some college,70174.0,3.6,3.6,3,0,6
27,1965,high school,51953.0,3.5,3.5,3,0,6
27,1943,bachelor's degree,82909.0,3.6,3.4,7,0,14
25,1956,some college,64730.0,3.5,3.1,6,0,12
28,1892,associate's degree,65464.0,3.6,3.4,5,0,10
23,1783,high school,43626.0,3.1,3.0,6,0,12
30,2032,some college,43995.0,4.0,3.2,6,0,12
29,2073,some high school,66481.0,3.8,3.1,5,0,10
35,2318,bachelor's degree,52589.0,4.0,3.4,5,0,10
28,2084,bachelor's degree,83638.0,3.9,3.3,5,0,10
28,1860,some high school,64459.0,3.6,2.9,8,0,16
27,1900,high school,68541.0,3.4,3.3,4,0,8
30,2059,associate's degree,71283.0,4.0,3.8,3,0,6
28,2065,bachelor's degree,93133.0,3.8,3.2,5,0,10
28,1994,associate's degree,56549.0,3.7,3.7,4,0,8
25,1826,bachelor's degree,84786.0,3.3,3.2,4,0,8
27,1888,some college,67528.0,3.5,3.3,4,0,8
32,2259,master's degree,110514.0,4.0,4.0,4,0,8
31,2006,some high school,79454.0,3.9,3.6,6,0,12
27,1899,associate's degree,72260.0,3.5,3.2,4,0,8
30,2125,some college,91690.0,4.0,3.4,5,0,10
30,2148,associate's degree,103454.0,4.0,3.9,4,0,8
26,1908,some college,79534.0,3.5,3.2,5,0,10
30,2048,some college,50812.0,4.0,3.2,7,0,14
26,1918,some college,82517.0,3.6,3.4,4,0,8
33,2222,high school,65458.0,4.0,3.6,4,0,8
26,1801,some high school,33454.0,3.3,2.8,6,0,12
31,2059,some high school,44034.0,4.0,3.4,5,0,10
27,1858,some college,26848.0,3.3,3.1,6,0,12
31,2024,bachelor's degree,84455.0,3.9,3.5,4,0,8
30,1982,high school,75946.0,3.8,3.3,4,0,8
33,2298,associate's degree,63096.0,4.0,3.5,7,0,14
26,1907,associate's degree,80839.0,3.5,3.1,5,0,10
28,2026,master's degree,108037.0,3.9,3.4,8,0,16
30,2150,high school,48393.0,4.0,3.5,5,0,10
30,2116,some high school,49348.0,4.0,3.4,5,0,10
26,1884,high school,44485.0,3.4,3.3,5,0,10
30,2079,master's degree,98252.0,4.0,3.6,6,0,12
29,2143,some college,80679.0,3.9,3.4,5,0,10
34,2282,master's degree,83338.0,4.0,3.3,5,0,10
27,1873,some high school,55105.0,3.3,3.3,6,0,12
29,2155,associate's degree,85153.0,4.0,3.4,9,0,18
28,1964,high school,39663.0,3.6,3.3,6,0,12
25,1763,some high school,63280.0,3.2,3.1,7,0,14
30,2193,some college,48459.0,4.0,3.0,7,0,14
31,2115,associate's degree,59131.0,4.0,3.5,6,0,12
34,2108,high school,86692.0,4.0,4.0,3,0,6
27,1817,some high school,48466.0,3.3,3.2,9,0,18
32,2164,high school,74259.0,4.0,3.5,4,0,8
34,2282,bachelor's degree,48097.0,4.0,3.6,7,0,14
31,2169,master's degree,97545.0,4.0,3.5,5,0,10
25,1861,associate's degree,68765.0,3.4,3.3,4,0,8
32,2126,high school,71585.0,4.0,3.0,6,0,12
24,1889,some high school,64787.0,3.4,3.2,4,0,8
32,2219,associate's degree,83758.0,4.0,3.7,4,0,8
28,1965,associate's degree,78461.0,3.7,3.3,4,0,8
33,2225,associate's degree,77779.0,4.0,3.9,4,0,8
28,1910,some high school,66871.0,3.7,3.2,7,0,14
30,2129,some college,40394.0,4.0,3.1,6,0,12
29,1968,high school,46521.0,3.7,3.3,5,0,10
28,1983,associate's degree,62703.0,3.5,3.5,4,0,8
22,1834,some high school,79630.0,3.2,3.4,4,0,8
27,1897,high school,81054.0,3.5,3.5,6,0,12
34,2323,master's degree,89141.0,4.0,3.7,4,0,8
32,2098,some college,42566.0,4.0,3.3,8,0,16
28,1887,associate's degree,63006.0,3.5,3.2,6,0,12
31,2044,associate's degree,94412.0,3.9,3.8,7,0,14
27,1852,some high school,55093.0,3.5,3.1,6,0,12
32,2155,high school,18906.0,4.0,3.5,8,0,16
29,1988,bachelor's degree,81961.0,3.7,3.4,6,0,12
30,2109,bachelor's degree,98623.0,4.0,3.6,4,0,8
33,2204,high school,61916.0,4.0,3.6,6,0,12
30,1981,bachelor's degree,72572.0,3.7,3.6,3,0,6
25,1750,high school,78459.0,3.3,3.5,4,0,8
28,1908,some high school,54293.0,3.5,3.2,5,0,10
26,1865,some high school,40267.0,3.4,2.9,8,0,16
28,2000,high school,75673.0,3.9,3.4,6,0,12
31,2102,some college,85721.0,4.0,3.5,6,0,12
27,1945,high school,48537.0,3.5,3.3,6,0,12
28,1927,high school,58702.0,3.6,3.3,4,0,8
28,2000,bachelor's degree,70816.0,3.7,3.3,6,0,12
31,2118,some college,68920.0,4.0,3.3,5,0,10
31,2204,some college,73901.0,4.0,3.7,5,0,10
28,2123,master's degree,82476.0,4.0,3.6,4,0,8
27,1885,some high school,54088.0,3.6,3.0,5,0,10
29,2015,high school,96832.0,3.6,3.4,6,0,12
34,2374,bachelor's degree,50925.0,4.0,3.8,3,0,6
31,2085,bachelor's degree,38866.0,4.0,3.3,5,0,10
26,1817,some college,92025.0,3.3,3.6,4,0,8
28,1976,high school,57798.0,3.7,3.5,4,0,8
31,2033,master's degree,77510.0,3.9,3.3,4,0,8
30,2074,high school,43020.0,3.8,3.1,6,0,12
34,2246,some college,57397.0,4.0,3.1,5,0,10
28,2028,some high school,68442.0,3.8,3.4,8,0,16
24,1757,some high school,48225.0,3.1,3.3,4,0,8
24,1804,high school,72775.0,3.1,2.9,5,0,10
26,1899,high school,57917.0,3.3,3.2,5,0,10
25,1968,associate's degree,78025.0,3.6,3.5,5,0,10
30,2023,some college,63872.0,3.9,3.6,4,0,8
26,1896,master's degree,92667.0,3.5,3.6,3,0,6
33,2233,some college,60098.0,4.0,3.4,4,0,8
28,1849,some college,29641.0,3.5,2.9,6,0,12
32,2250,some college,75126.0,4.0,3.7,7,0,14
26,1819,high school,56416.0,3.3,3.4,5,0,10
33,2157,associate's degree,51253.0,4.0,3.7,3,0,6
30,2177,associate's degree,75373.0,4.0,3.4,5,0,10
26,1850,some college,62873.0,3.3,3.2,4,0,8
33,2165,high school,84996.0,4.0,3.6,5,0,10
28,2054,bachelor's degree,88598.0,3.8,3.3,5,0,10
25,1738,high school,66814.0,3.2,3.2,6,0,12
31,2166,bachelor's degree,72184.0,4.0,3.3,4,0,8
27,2039,bachelor's degree,76601.0,3.9,3.6,6,0,12
28,2018,some college,72571.0,3.9,3.4,4,0,8
27,1901,associate's degree,64516.0,3.4,3.5,3,0,6
28,1894,some high school,57339.0,3.7,3.2,4,0,8
28,1900,associate's degree,71645.0,3.6,3.4,4,0,8
30,2071,bachelor's degree,83717.0,3.9,3.5,4,0,8
33,2213,associate's degree,63932.0,4.0,3.6,5,0,10
29,2137,bachelor's degree,80557.0,4.0,2.8,7,0,14
30,2035,associate's degree,83803.0,4.0,3.7,4,0,8
28,2068,some high school,67571.0,3.8,3.4,6,0,12
29,1938,high school,56982.0,3.8,3.4,5,0,10
25,1786,associate's degree,60544.0,3.2,3.1,7,0,14
29,2006,high school,38779.0,3.8,3.2,5,0,10
30,2042,some college,35706.0,3.9,3.2,5,0,10
30,2126,master's degree,112920.0,4.0,3.5,5,0,10
30,2207,bachelor's degree,77114.0,4.0,3.3,5,0,10
26,1846,some college,77271.0,3.4,3.4,8,0,16
31,2163,some college,76445.0,4.0,3.3,5,0,10
28,1924,some high school,44724.0,3.6,2.9,6,0,12
29,1985,bachelor's degree,65944.0,3.8,3.3,4,0,8
33,2149,high school,53977.0,4.0,3.6,5,0,10
31,2112,bachelor's degree,97815.0,4.0,3.4,6,0,12
31,2080,some college,63996.0,4.0,3.6,3,0,6
32,2155,associate's degree,62304.0,4.0,3.4,5,0,10
26,1837,high school,71226.0,3.4,3.2,5,0,10
28,2002,bachelor's degree,79155.0,3.8,3.1,7,0,14
34,2242,high school,89887.0,4.0,3.8,4,0,8
33,2171,associate's degree,59147.0,4.0,3.4,5,0,10
32,2234,some college,30658.0,4.0,3.0,10,0,20
27,1930,some college,59443.0,3.6,3.2,4,0,8
32,2117,associate's degree,94415.0,4.0,3.8,4,0,8
32,2034,some high school,31713.0,3.9,3.2,8,0,16
34,2268,bachelor's degree,93832.0,4.0,3.8,6,0,12
